typeCode,freqCode,refPeriodId,refYear,refMonth,period,reporterCode,reporterISO,reporterDesc,flowCode,flowDesc,partnerCode,partnerISO,partnerDesc,partner2Code,partner2ISO,partner2Desc,classificationCode,classificationSearchCode,isOriginalClassification,cmdCode,cmdDesc,aggrLevel,isLeaf,customsCode,customsDesc,mosCode,motCode,motDesc,qtyUnitCode,qtyUnitAbbr,qty,isQtyEstimated,altQtyUnitCode,altQtyUnitAbbr,altQty,isAltQtyEstimated,netWgt,isNetWgtEstimated,grossWgt,isGrossWgtEstimated,cifvalue,fobvalue,primaryValue,legacyEstimationFlag,isReported,isAggregate
"C","A","20220101","2022","52","2022","20","AND","Andorra","M","Import","0","W00","World","0","W00","World","H6","HS","true","2709","Petroleum oils and oils obtained from bituminous minerals; crude","4","false","C00","TOTAL CPC","0","0","TOTAL MOT","8","kg","200","false","8","kg","200","false","200","false","0","false","1064.122",,"1064.122","0","false","true",
"C","A","20220101","2022","52","2022","24","AGO","Angola","M","Import","0","W00","World","0","W00","World","H5","HS","true","2709","Petroleum oils and oils obtained from bituminous minerals; crude","4","false","C00","TOTAL CPC","0","0","TOTAL MOT","-1","N/A","0","false","-1","N/A","0","false",,"false","0","false","18610.114","16131.016","18610.114","0","false","true",
"C","A","20220101","2022","52","2022","28","ATG","Antigua and Barbuda","M","Import","0","W00","World","0","W00","World","H3","HS","true","2709","Petroleum oils and oils obtained from bituminous minerals; crude","4","false","C00","TOTAL CPC","0","0","TOTAL MOT","8","kg","1554.45","false","12","m³","134.01","false","1554.45","false","0","false","14237.07",,"14237.07","0","false","true",
"C","A","20220101","2022","52","2022","31","AZE","Azerbaijan","M","Import","0","W00","World","0","W00","World","H6","HS","true","2709","Petroleum oils and oils obtained from bituminous minerals; crude","4","false","C00","TOTAL CPC","0","0","TOTAL MOT","8","kg","673368124.28","false","8","kg","673368124.28","false","673368124.28","false","0","false","450927401.68",,"450927401.68","0","false","true",
"C","A","20220101","2022","52","2022","32","ARG","Argentina","M","Import","0","W00","World","0","W00","World","H5","HS","true","2709","Petroleum oils and oils obtained from bituminous minerals; crude","4","false","C00","TOTAL CPC","0","0","TOTAL MOT","8","kg","1341.866","true","-1","N/A","0","false","1341.866","true","0","false","1030.81","535","1030.81","6","false","true",
"C","A","20220101","2022","52","2022","36","AUS","Australia","M","Import","0","W00","World","0","W00","World","H6","HS","true","2709","Petroleum oils and oils obtained from bituminous minerals; crude","4","false","C00","TOTAL CPC","0","0","TOTAL MOT","8","kg","10152952030","false","7","l","10152952030","false","10152952030","false","8524861290","false","7368747424.482","7235974715.573","7368747424.482","0","false","true",
"C","A","20220101","2022","52","2022","40","AUT","Austria","M","Import","0","W00","World","0","W00","World","H6","HS","true","2709","Petroleum oils and oils obtained from bituminous minerals; crude","4","false","C00","TOTAL CPC","0","0","TOTAL MOT","8","kg","5134253140","false","8","kg","5134253140","false","5134253140","false","0","false","3840376459.321",,"3840376459.321","0","false","true",
"C","A","20220101","2022","52","2022","44","BHS","Bahamas","M","Import","0","W00","World","0","W00","World","H5","HS","true","2709","Petroleum oils and oils obtained from bituminous minerals; crude","4","false","C00","TOTAL CPC","0","0","TOTAL MOT","8","kg","212000","false","8","kg","212000","false","212000","false","0","false","81948",,"81948","0","false","true",
"C","A","20220101","2022","52","2022","56","BEL","Belgium","M","Import","0","W00","World","0","W00","World","H6","HS","true","2709","Petroleum oils and oils obtained from bituminous minerals; crude","4","false","C00","TOTAL CPC","0","0","TOTAL MOT","-1","N/A","0","false","-1","N/A","0","false",,"false","0","false","23566181077.135",,"23566181077.135","0","false","true",
"C","A","20220101","2022","52","2022","60","BMU","Bermuda","M","Import","0","W00","World","0","W00","World","H6","HS","true","2709","Petroleum oils and oils obtained from bituminous minerals; crude","4","false","C00","TOTAL CPC","0","0","TOTAL MOT","8","kg","1","false","8","kg","1","false","1","false","0","false",,"50.66","50.66","0","false","true",
"C","A","20220101","2022","52","2022","68","BOL","Bolivia (Plurinational State of)","M","Import","0","W00","World","0","W00","World","H6","HS","true","2709","Petroleum oils and oils obtained from bituminous minerals; crude","4","false","C00","TOTAL CPC","0","0","TOTAL MOT","8","kg","1049.011","true","-1","N/A","0","false","1049.011","true","224","false","791","721","791","6","false","true",
"C","A","20220101","2022","52","2022","70","BIH","Bosnia Herzegovina","M","Import","0","W00","World","0","W00","World","H6","HS","true","2709","Petroleum oils and oils obtained from bituminous minerals; crude","4","false","C00","TOTAL CPC","0","0","TOTAL MOT","8","kg","62986","false","8","kg","62986","false","62986","false","0","false","101931.42",,"101931.42","0","false","true",
"C","A","20220101","2022","52","2022","72","BWA","Botswana","M","Import","0","W00","World","0","W00","World","H6","HS","true","2709","Petroleum oils and oils obtained from bituminous minerals; crude","4","false","C00","TOTAL CPC","0","0","TOTAL MOT","8","kg","3803872","false","8","kg","3803872","false","3807988","false","0","false","4100227.986",,"4100227.986","0","false","true",
"C","A","20220101","2022","52","2022","76","BRA","Brazil","M","Import","0","W00","World","0","W00","World","H6","HS","true","2709","Petroleum oils and oils obtained from bituminous minerals; crude","4","false","C00","TOTAL CPC","0","0","TOTAL MOT","-1","N/A","0","false","-1","N/A","0","false","0","false","0","false","10145098434","9916246945","10145098434","0","false","true",
"C","A","20220101","2022","52","2022","84","BLZ","Belize","M","Import","0","W00","World","0","W00","World","H5","HS","true","2709","Petroleum oils and oils obtained from bituminous minerals; crude","4","false","C00","TOTAL CPC","0","0","TOTAL MOT","8","kg","14.818","false","8","kg","14.818","false","14.818","false","0","false","229.065",,"229.065","0","false","true",
"C","A","20220101","2022","52","2022","96","BRN","Brunei Darussalam","M","Import","0","W00","World","0","W00","World","H5","HS","true","2709","Petroleum oils and oils obtained from bituminous minerals; crude","4","false","C00","TOTAL CPC","0","0","TOTAL MOT","8","kg","6759444602","false","8","kg","6759444602","false","6759444602","false","0","false","5440523930.252",,"5440523930.252","0","false","true",
"C","A","20220101","2022","52","2022","100","BGR","Bulgaria","M","Import","0","W00","World","0","W00","World","H6","HS","true","2709","Petroleum oils and oils obtained from bituminous minerals; crude","4","false","C00","TOTAL CPC","0","0","TOTAL MOT","8","kg","7108778828","false","8","kg","7108778828","false","7108778828","false","0","false","4124443315.053",,"4124443315.053","0","false","true",
"C","A","20220101","2022","52","2022","120","CMR","Cameroon","M","Import","0","W00","World","0","W00","World","H6","HS","true","2709","Petroleum oils and oils obtained from bituminous minerals; crude","4","false","C00","TOTAL CPC","0","0","TOTAL MOT","8","kg","7157","false","8","kg","7157","false","7157","false","0","false","16111.416",,"16111.416","0","false","true",
"C","A","20220101","2022","52","2022","124","CAN","Canada","M","Import","0","W00","World","0","W00","World","H6","HS","true","2709","Petroleum oils and oils obtained from bituminous minerals; crude","4","false","C00","TOTAL CPC","0","0","TOTAL MOT","8","kg","22021269816.981","true","-1","N/A","0","false","22021269816.981","true","0","false",,"16604996383.484","16604996383.484","6","false","true",
"C","A","20220101","2022","52","2022","140","CAF","Central African Rep.","M","Import","0","W00","World","0","W00","World","H5","HS","true","2709","Petroleum oils and oils obtained from bituminous minerals; crude","4","false","C00","TOTAL CPC","0","0","TOTAL MOT","8","kg","1413745","false","8","kg","1413745","false","1413745","false","0","false","2319835.31",,"2319835.31","0","false","true",
"C","A","20220101","2022","52","2022","144","LKA","Sri Lanka","M","Import","0","W00","World","0","W00","World","H5","HS","true","2709","Petroleum oils and oils obtained from bituminous minerals; crude","4","false","C00","TOTAL CPC","0","0","TOTAL MOT","-1","N/A","0","false","-1","N/A","0","false","0","false","0","false","389194693.142","0","389194693.142","0","false","true",
"C","A","20220101","2022","52","2022","152","CHL","Chile","M","Import","0","W00","World","0","W00","World","H6","HS","true","2709","Petroleum oils and oils obtained from bituminous minerals; crude","4","false","C00","TOTAL CPC","0","0","TOTAL MOT","8","kg","7252362758.181","true","-1","N/A","0","false","7252362758.181","true","0","false","5165668631.18","5007370570.91","5165668631.18","6","false","true",
"C","A","20220101","2022","52","2022","156","CHN","China","M","Import","0","W00","World","0","W00","World","H6","HS","true","2709","Petroleum oils and oils obtained from bituminous minerals; crude","4","false","C00","TOTAL CPC","0","0","TOTAL MOT","8","kg","508276035032","false","8","kg","508276035032","false","508276035032","false","0","false","365512019551",,"365512019551","0","false","true",
"C","A","20220101","2022","52","2022","170","COL","Colombia","M","Import","0","W00","World","0","W00","World","H6","HS","true","2709","Petroleum oils and oils obtained from bituminous minerals; crude","4","false","C00","TOTAL CPC","0","0","TOTAL MOT","-1","N/A","0","false","-1","N/A","0","false",,"false","0","false","327381753.6","320770531.2","327381753.6","0","false","true",
"C","A","20220101","2022","52","2022","174","COM","Comoros","M","Import","0","W00","World","0","W00","World","H6","HS","true","2709","Petroleum oils and oils obtained from bituminous minerals; crude","4","false","C00","TOTAL CPC","0","0","TOTAL MOT","8","kg","2500","false","8","kg","2500","false","2500","false","0","false","6826.228",,"6826.228","0","false","true",
"C","A","20220101","2022","52","2022","178","COG","Congo","M","Import","0","W00","World","0","W00","World","H5","HS","true","2709","Petroleum oils and oils obtained from bituminous minerals; crude","4","false","C00","TOTAL CPC","0","0","TOTAL MOT","8","kg","5.53","false","8","kg","5.53","false","5.53","false","0","false","299.868",,"299.868","0","false","true",
"C","A","20220101","2022","52","2022","180","COD","Dem. Rep. of the Congo","M","Import","0","W00","World","0","W00","World","H4","HS","true","2709","Petroleum oils and oils obtained from bituminous minerals; crude","4","false","C00","TOTAL CPC","0","0","TOTAL MOT","8","kg","67755","false","8","kg","67755","false","67755","false","0","false","85258.163",,"85258.163","0","false","true",
"C","A","20220101","2022","52","2022","188","CRI","Costa Rica","M","Import","0","W00","World","0","W00","World","H6","HS","true","2709","Petroleum oils and oils obtained from bituminous minerals; crude","4","false","C00","TOTAL CPC","0","0","TOTAL MOT","-1","N/A","0","false","-1","N/A","0","false",,"false","0","false","17767.21",,"17767.21","0","false","true",
"C","A","20220101","2022","52","2022","191","HRV","Croatia","M","Import","0","W00","World","0","W00","World","H6","HS","true","2709","Petroleum oils and oils obtained from bituminous minerals; crude","4","false","C00","TOTAL CPC","0","0","TOTAL MOT","-1","N/A","0","false","-1","N/A","0","false",,"false","0","false","1292720119",,"1292720119","0","false","true",
"C","A","20220101","2022","52","2022","196","CYP","Cyprus","M","Import","0","W00","World","0","W00","World","H6","HS","true","2709","Petroleum oils and oils obtained from bituminous minerals; crude","4","false","C00","TOTAL CPC","0","0","TOTAL MOT","8","kg","855","false","8","kg","855","false","855","false","0","false","1904.965",,"1904.965","0","false","true",
"C","A","20220101","2022","52","2022","203","CZE","Czechia","M","Import","0","W00","World","0","W00","World","H6","HS","true","2709","Petroleum oils and oils obtained from bituminous minerals; crude","4","false","C00","TOTAL CPC","0","0","TOTAL MOT","-1","N/A","0","false","-1","N/A","0","false",,"false","0","false","4922956341","4912001630","4922956341","0","false","true",
"C","A","20220101","2022","52","2022","204","BEN","Benin","M","Import","0","W00","World","0","W00","World","H6","HS","true","2709","Petroleum oils and oils obtained from bituminous minerals; crude","4","false","C00","TOTAL CPC","0","0","TOTAL MOT","8","kg","1900","false","8","kg","1900","false","1900","false","0","false","1241.915",,"1241.915","0","false","true",
"C","A","20220101","2022","52","2022","208","DNK","Denmark","M","Import","0","W00","World","0","W00","World","H6","HS","true","2709","Petroleum oils and oils obtained from bituminous minerals; crude","4","false","C00","TOTAL CPC","0","0","TOTAL MOT","8","kg","4540709053","false","8","kg","4540709053","false","4540709053","false","0","false","3416687480.448",,"3416687480.448","0","false","true",
"C","A","20220101","2022","52","2022","214","DOM","Dominican Rep.","M","Import","0","W00","World","0","W00","World","H5","HS","true","2709","Petroleum oils and oils obtained from bituminous minerals; crude","4","false","C00","TOTAL CPC","0","0","TOTAL MOT","8","kg","1097533200","false","19","BBL","8412075","false","1097533200","false","0","false","885783752","878548748","885783752","0","false","true",
"C","A","20220101","2022","52","2022","218","ECU","Ecuador","M","Import","0","W00","World","0","W00","World","H5","HS","true","2709","Petroleum oils and oils obtained from bituminous minerals; crude","4","false","C00","TOTAL CPC","0","0","TOTAL MOT","8","kg","1263.3","false","21","1000 KG","1.263","false","1263.3","false","0","false","6147.8",,"6147.8","0","false","true",
"C","A","20220101","2022","52","2022","222","SLV","El Salvador","M","Import","0","W00","World","0","W00","World","H6","HS","true","2709","Petroleum oils and oils obtained from bituminous minerals; crude","4","false","C00","TOTAL CPC","0","0","TOTAL MOT","8","kg","51610","false","8","kg","51610","false","51610","false","0","false","86810.69","0","86810.69","0","false","true",
"C","A","20220101","2022","52","2022","231","ETH","Ethiopia","M","Import","0","W00","World","0","W00","World","H6","HS","true","2709","Petroleum oils and oils obtained from bituminous minerals; crude","4","false","C00","TOTAL CPC","0","0","TOTAL MOT","8","kg","95765","false","8","kg","95765","false","95765","false","0","false","160462.802",,"160462.802","0","false","true",
"C","A","20220101","2022","52","2022","233","EST","Estonia","M","Import","0","W00","World","0","W00","World","H6","HS","true","2709","Petroleum oils and oils obtained from bituminous minerals; crude","4","false","C00","TOTAL CPC","0","0","TOTAL MOT","8","kg","8520357.86","false","8","kg","8520357.86","false","8520357.86","false","0","false","6664612.91",,"6664612.91","0","false","true",
"C","A","20220101","2022","52","2022","242","FJI","Fiji","M","Import","0","W00","World","0","W00","World","H6","HS","true","2709","Petroleum oils and oils obtained from bituminous minerals; crude","4","false","C00","TOTAL CPC","0","0","TOTAL MOT","8","kg","1367.35","false","8","kg","1367.35","false","1367.35","false","0","false","14975.877",,"14975.877","0","false","true",
"C","A","20220101","2022","52","2022","246","FIN","Finland","M","Import","0","W00","World","0","W00","World","H6","HS","true","2709","Petroleum oils and oils obtained from bituminous minerals; crude","4","false","C00","TOTAL CPC","0","0","TOTAL MOT","8","kg","9843859131.339","true","-1","N/A","0","false","9843859131.339","true","0","false","7345106873.06",,"7345106873.06","6","false","true",
"C","A","20220101","2022","52","2022","251","FRA","France","M","Import","0","W00","World","0","W00","World","H6","HS","true","2709","Petroleum oils and oils obtained from bituminous minerals; crude","4","false","C00","TOTAL CPC","0","0","TOTAL MOT","-1","N/A","0","false","-1","N/A","0","false",,"false","0","false","34708229797.214",,"34708229797.214","0","false","true",
"C","A","20220101","2022","52","2022","266","GAB","Gabon","M","Import","0","W00","World","0","W00","World","H5","HS","true","2709","Petroleum oils and oils obtained from bituminous minerals; crude","4","false","C00","TOTAL CPC","0","0","TOTAL MOT","8","kg","386","false","19","BBL","327","false","386","false","0","false","2618.479",,"2618.479","0","false","true",
"C","A","20220101","2022","52","2022","268","GEO","Georgia","M","Import","0","W00","World","0","W00","World","H5","HS","true","2709","Petroleum oils and oils obtained from bituminous minerals; crude","4","false","C00","TOTAL CPC","0","0","TOTAL MOT","8","kg","1412720","false","8","kg","1412720","false","1412720","false","0","false","761702.01",,"761702.01","0","false","true",
"C","A","20220101","2022","52","2022","270","GMB","Gambia","M","Import","0","W00","World","0","W00","World","H6","HS","true","2709","Petroleum oils and oils obtained from bituminous minerals; crude","4","false","C00","TOTAL CPC","0","0","TOTAL MOT","8","kg","19416","false","8","kg","19416","false","19416","false","0","false","21778.311",,"21778.311","0","false","true",
"C","A","20220101","2022","52","2022","275","PSE","State of Palestine","M","Import","0","W00","World","0","W00","World","H3","HS","true","2709","Petroleum oils and oils obtained from bituminous minerals; crude","4","false","C00","TOTAL CPC","0","0","TOTAL MOT","8","kg","74764.827","true","-1","N/A","0","false","74764.827","true","0","false","56375.935",,"56375.935","6","false","true",
"C","A","20220101","2022","52","2022","276","DEU","Germany","M","Import","0","W00","World","0","W00","World","H6","HS","true","2709","Petroleum oils and oils obtained from bituminous minerals; crude","4","false","C00","TOTAL CPC","0","0","TOTAL MOT","8","kg","87409606250","false","8","kg","87409606250","false","87409606250","false","0","false","63490363716.749",,"63490363716.749","0","false","true",
"C","A","20220101","2022","52","2022","288","GHA","Ghana","M","Import","0","W00","World","0","W00","World","H5","HS","true","2709","Petroleum oils and oils obtained from bituminous minerals; crude","4","false","C00","TOTAL CPC","0","0","TOTAL MOT","-1","N/A","0","false","8","kg","60916.567","false","1396709.84","false","0","false","709067.237",,"709067.237","0","false","true",
"C","A","20220101","2022","52","2022","300","GRC","Greece","M","Import","0","W00","World","0","W00","World","H6","HS","true","2709","Petroleum oils and oils obtained from bituminous minerals; crude","4","false","C00","TOTAL CPC","0","0","TOTAL MOT","-1","N/A","0","false","-1","N/A","0","false",,"false","0","false","15697426589.558",,"15697426589.558","0","false","true",
"C","A","20220101","2022","52","2022","308","GRD","Grenada","M","Import","0","W00","World","0","W00","World","H4","HS","true","2709","Petroleum oils and oils obtained from bituminous minerals; crude","4","false","C00","TOTAL CPC","0","0","TOTAL MOT","8","kg","5151","false","8","kg","5151","false","5151","false","0","false","1120.37","0","1120.37","0","false","true",
"C","A","20220101","2022","52","2022","320","GTM","Guatemala","M","Import","0","W00","World","0","W00","World","H6","HS","true","2709","Petroleum oils and oils obtained from bituminous minerals; crude","4","false","C00","TOTAL CPC","0","0","TOTAL MOT","8","kg","2302462","false","8","kg","2302462","false","2302462","false","0","false","1863470",,"1863470","0","false","true",
"C","A","20220101","2022","52","2022","328","GUY","Guyana","M","Import","0","W00","World","0","W00","World","H5","HS","true","2709","Petroleum oils and oils obtained from bituminous minerals; crude","4","false","C00","TOTAL CPC","0","0","TOTAL MOT","8","kg","500.91","false","2","m²","431910000","false","500.91","false","0","false","1257.812","1257.812","1257.812","0","false","true",
"C","A","20220101","2022","52","2022","348","HUN","Hungary","M","Import","0","W00","World","0","W00","World","H6","HS","true","2709","Petroleum oils and oils obtained from bituminous minerals; crude","4","false","C00","TOTAL CPC","0","0","TOTAL MOT","8","kg","5904261879","false","8","kg","5904261879","false","5904261879","false","0","false","3390281869",,"3390281869","0","false","true",
"C","A","20220101","2022","52","2022","352","ISL","Iceland","M","Import","0","W00","World","0","W00","World","H6","HS","true","2709","Petroleum oils and oils obtained from bituminous minerals; crude","4","false","C00","TOTAL CPC","0","0","TOTAL MOT","-1","N/A","0","false","-1","N/A","0","false",,"false","0","false","2103.439","1784.027","2103.439","0","false","true",
"C","A","20220101","2022","52","2022","360","IDN","Indonesia","M","Import","0","W00","World","0","W00","World","H6","HS","true","2709","Petroleum oils and oils obtained from bituminous minerals; crude","4","false","C00","TOTAL CPC","0","0","TOTAL MOT","8","kg","15263381054","false","8","kg","15263381054","false","15263381054","false","0","false","11455427096",,"11455427096","0","false","true",
"C","A","20220101","2022","52","2022","372","IRL","Ireland","M","Import","0","W00","World","0","W00","World","H6","HS","true","2709","Petroleum oils and oils obtained from bituminous minerals; crude","4","false","C00","TOTAL CPC","0","0","TOTAL MOT","8","kg","2995269751.331","true","-1","N/A","0","false","2995269751.331","true","0","false","2538761679.42",,"2538761679.42","6","false","true",
"C","A","20220101","2022","52","2022","376","ISR","Israel","M","Import","0","W00","World","0","W00","World","H6","HS","true","2709","Petroleum oils and oils obtained from bituminous minerals; crude","4","false","C00","TOTAL CPC","0","0","TOTAL MOT","8","kg","12933843210.804","true","-1","N/A","0","false","12933843210.804","true","0","false","9752681000",,"9752681000","6","false","true",
"C","A","20220101","2022","52","2022","380","ITA","Italy","M","Import","0","W00","World","0","W00","World","H6","HS","true","2709","Petroleum oils and oils obtained from bituminous minerals; crude","4","false","C00","TOTAL CPC","0","0","TOTAL MOT","8","kg","59365369408.474","true","-1","N/A","0","false","59365369408.474","true","0","false","44918150970.618",,"44918150970.618","6","false","true",
"C","A","20220101","2022","52","2022","384","CIV","Côte d'Ivoire","M","Import","0","W00","World","0","W00","World","H5","HS","true","2709","Petroleum oils and oils obtained from bituminous minerals; crude","4","false","C00","TOTAL CPC","0","0","TOTAL MOT","8","kg","3145766107","false","8","kg","3145766107","false","3145766107","false","0","false","2400384766.926",,"2400384766.926","0","false","true",
"C","A","20220101","2022","52","2022","388","JAM","Jamaica","M","Import","0","W00","World","0","W00","World","H6","HS","true","2709","Petroleum oils and oils obtained from bituminous minerals; crude","4","false","C00","TOTAL CPC","0","0","TOTAL MOT","8","kg","982638505","false","8","kg","982638505","false","982638505","false","0","false","728222388.21",,"728222388.21","0","false","true",
"C","A","20220101","2022","52","2022","392","JPN","Japan","M","Import","0","W00","World","0","W00","World","H6","HS","true","2709","Petroleum oils and oils obtained from bituminous minerals; crude","4","false","C00","TOTAL CPC","0","0","TOTAL MOT","8","kg","132511409200","false","8","kg","132511409200","false","132511409200","false","0","false","100922291093.4","0","100922291093.4","0","false","true",
"C","A","20220101","2022","52","2022","398","KAZ","Kazakhstan","M","Import","0","W00","World","0","W00","World","H6","HS","true","2709","Petroleum oils and oils obtained from bituminous minerals; crude","4","false","C00","TOTAL CPC","0","0","TOTAL MOT","-1","N/A","0","false","-1","N/A","0","false",,"false","0","false","306177.07",,"306177.07","0","false","true",
"C","A","20220101","2022","52","2022","400","JOR","Jordan","M","Import","0","W00","World","0","W00","World","H6","HS","true","2709","Petroleum oils and oils obtained from bituminous minerals; crude","4","false","C00","TOTAL CPC","0","0","TOTAL MOT","8","kg","1797235076.066","true","-1","N/A","0","false","1797235076.066","true","0","false","1355193510.019",,"1355193510.019","6","false","true",
"C","A","20220101","2022","52","2022","404","KEN","Kenya","M","Import","0","W00","World","0","W00","World","H6","HS","true","2709","Petroleum oils and oils obtained from bituminous minerals; crude","4","false","C00","TOTAL CPC","0","0","TOTAL MOT","8","kg","1138","false","8","kg","1138","false","1138","false","0","false","874.198",,"874.198","0","false","true",
"C","A","20220101","2022","52","2022","410","KOR","Rep. of Korea","M","Import","0","W00","World","0","W00","World","H6","HS","true","2709","Petroleum oils and oils obtained from bituminous minerals; crude","4","false","C00","TOTAL CPC","0","0","TOTAL MOT","8","kg","138263951877.75","false","8","kg","138263951877.75","false","138263951877.75","false","0","false","105963515690",,"105963515690","0","false","true",
"C","A","20220101","2022","52","2022","417","KGZ","Kyrgyzstan","M","Import","0","W00","World","0","W00","World","H6","HS","true","2709","Petroleum oils and oils obtained from bituminous minerals; crude","4","false","C00","TOTAL CPC","0","0","TOTAL MOT","-1","N/A","0","false","-1","N/A","0","false",,"false","0","false","2843435",,"2843435","0","false","true",
"C","A","20220101","2022","52","2022","418","LAO","Lao People's Dem. Rep.","M","Import","0","W00","World","0","W00","World","H6","HS","true","2709","Petroleum oils and oils obtained from bituminous minerals; crude","4","false","C00","TOTAL CPC","0","0","TOTAL MOT","8","kg","35571636.975","true","-1","N/A","0","false","35571636.975","true","0","false","24584703.65",,"24584703.65","6","false","true",
"C","A","20220101","2022","52","2022","422","LBN","Lebanon","M","Import","0","W00","World","0","W00","World","H5","HS","true","2709","Petroleum oils and oils obtained from bituminous minerals; crude","4","false","C00","TOTAL CPC","0","0","TOTAL MOT","-1","N/A","0","false","-1","N/A","0","false",,"false","0","false","41264",,"41264","0","false","true",
"C","A","20220101","2022","52","2022","426","LSO","Lesotho","M","Import","0","W00","World","0","W00","World","H5","HS","true","2709","Petroleum oils and oils obtained from bituminous minerals; crude","4","false","C00","TOTAL CPC","0","0","TOTAL MOT","8","kg","336846.9","false","8","kg","336846.9","false","336846.9","false","0","false","946686.371",,"946686.371","0","false","true",
"C","A","20220101","2022","52","2022","428","LVA","Latvia","M","Import","0","W00","World","0","W00","World","H6","HS","true","2709","Petroleum oils and oils obtained from bituminous minerals; crude","4","false","C00","TOTAL CPC","0","0","TOTAL MOT","8","kg","8547","false","8","kg","8547","false","8547","false","0","false","2989.605",,"2989.605","0","false","true",
"C","A","20220101","2022","52","2022","430","LBR","Liberia","M","Import","0","W00","World","0","W00","World","H5","HS","true","2709","Petroleum oils and oils obtained from bituminous minerals; crude","4","false","C00","TOTAL CPC","0","0","TOTAL MOT","8","kg","12","false","8","kg","12","false","12","false","0","false","20",,"20","0","false","true",
"C","A","20220101","2022","52","2022","440","LTU","Lithuania","M","Import","0","W00","World","0","W00","World","H6","HS","true","2709","Petroleum oils and oils obtained from bituminous minerals; crude","4","false","C00","TOTAL CPC","0","0","TOTAL MOT","8","kg","8221447196","false","8","kg","8221447196","false","8221447196","false","0","false","6110999215",,"6110999215","0","false","true",
"C","A","20220101","2022","52","2022","442","LUX","Luxembourg","M","Import","0","W00","World","0","W00","World","H6","HS","true","2709","Petroleum oils and oils obtained from bituminous minerals; crude","4","false","C00","TOTAL CPC","0","0","TOTAL MOT","-1","N/A","0","false","-1","N/A","0","false",,"false","0","false","23262.781","23196.933","23262.781","0","false","true",
"C","A","20220101","2022","52","2022","454","MWI","Malawi","M","Import","0","W00","World","0","W00","World","H5","HS","true","2709","Petroleum oils and oils obtained from bituminous minerals; crude","4","false","C00","TOTAL CPC","0","0","TOTAL MOT","-1","N/A","0","false","21","1000 KG","4963","false","10320","false","0","false","14563.665",,"14563.665","0","false","true",
"C","A","20220101","2022","52","2022","458","MYS","Malaysia","M","Import","0","W00","World","0","W00","World","H6","HS","true","2709","Petroleum oils and oils obtained from bituminous minerals; crude","4","false","C00","TOTAL CPC","0","0","TOTAL MOT","8","kg","15681121500","false","8","kg","15681121500","false","15681121500","false","0","false","12220432986.851",,"12220432986.851","0","false","true",
"C","A","20220101","2022","52","2022","470","MLT","Malta","M","Import","0","W00","World","0","W00","World","H6","HS","true","2709","Petroleum oils and oils obtained from bituminous minerals; crude","4","false","C00","TOTAL CPC","0","0","TOTAL MOT","-1","N/A","0","false","-1","N/A","0","false",,"false","0","false","1749.114",,"1749.114","0","false","true",
"C","A","20220101","2022","52","2022","478","MRT","Mauritania","M","Import","0","W00","World","0","W00","World","H5","HS","true","2709","Petroleum oils and oils obtained from bituminous minerals; crude","4","false","C00","TOTAL CPC","0","0","TOTAL MOT","8","kg","7.55","false","8","kg","7.55","false","7.55","false","0","false","396.857",,"396.857","0","false","true",
"C","A","20220101","2022","52","2022","484","MEX","Mexico","M","Import","0","W00","World","0","W00","World","H6","HS","true","2709","Petroleum oils and oils obtained from bituminous minerals; crude","4","false","C00","TOTAL CPC","0","0","TOTAL MOT","8","kg","21313.093","true","-1","N/A","0","false","21313.093","true","0","false",,"16071","16071","6","false","true",
"C","A","20220101","2022","52","2022","490","S19","Other Asia, nes","M","Import","0","W00","World","0","W00","World","H5","HS","true","2709","Petroleum oils and oils obtained from bituminous minerals; crude","4","false","C00","TOTAL CPC","0","0","TOTAL MOT","8","kg","47877144800","false","7","l","47877144800","false",,"false","0","false","31066609956.63",,"31066609956.63","0","false","true",
"C","A","20220101","2022","52","2022","498","MDA","Rep. of Moldova","M","Import","0","W00","World","0","W00","World","H5","HS","true","2709","Petroleum oils and oils obtained from bituminous minerals; crude","4","false","C00","TOTAL CPC","0","0","TOTAL MOT","8","kg","23110","false","8","kg","23110","false","23110","false","0","false","18022",,"18022","0","false","true",
"C","A","20220101","2022","52","2022","504","MAR","Morocco","M","Import","0","W00","World","0","W00","World","H6","HS","true","2709","Petroleum oils and oils obtained from bituminous minerals; crude","4","false","C00","TOTAL CPC","0","0","TOTAL MOT","8","kg","3749.8","false","8","kg","3749.8","false","3749.8","false","0","false","8944.694",,"8944.694","0","false","true",
"C","A","20220101","2022","52","2022","508","MOZ","Mozambique","M","Import","0","W00","World","0","W00","World","H5","HS","true","2709","Petroleum oils and oils obtained from bituminous minerals; crude","4","false","C00","TOTAL CPC","0","0","TOTAL MOT","8","kg","6362","false","8","kg","2148","false","6362","false","0","false","15403.771","12739.357","15403.771","0","false","true",
"C","A","20220101","2022","52","2022","512","OMN","Oman","M","Import","0","W00","World","0","W00","World","H6","HS","true","2709","Petroleum oils and oils obtained from bituminous minerals; crude","4","false","C00","TOTAL CPC","0","0","TOTAL MOT","8","kg","203939.062","true","-1","N/A","0","false","203939.062","true","0","false","153778.933",,"153778.933","6","false","true",
"C","A","20220101","2022","52","2022","516","NAM","Namibia","M","Import","0","W00","World","0","W00","World","H6","HS","true","2709","Petroleum oils and oils obtained from bituminous minerals; crude","4","false","C00","TOTAL CPC","0","0","TOTAL MOT","8","kg","9117362","false","8","kg","9117362","false","9117362","false","0","false","8005026.588",,"8005026.588","0","false","true",
"C","A","20220101","2022","52","2022","528","NLD","Netherlands","M","Import","0","W00","World","0","W00","World","H6","HS","true","2709","Petroleum oils and oils obtained from bituminous minerals; crude","4","false","C00","TOTAL CPC","0","0","TOTAL MOT","8","kg","79957459398","false","8","kg","79957459398","false","79938346810","false","0","false","58665338120.039",,"58665338120.039","0","false","true",
"C","A","20220101","2022","52","2022","554","NZL","New Zealand","M","Import","0","W00","World","0","W00","World","H6","HS","true","2709","Petroleum oils and oils obtained from bituminous minerals; crude","4","false","C00","TOTAL CPC","0","0","TOTAL MOT","8","kg","820364000","false","21","1000 KG","820364","false","820364000","false","822657820","false","529634709.383","509920443.508","529634709.383","0","false","true",
"C","A","20220101","2022","52","2022","558","NIC","Nicaragua","M","Import","0","W00","World","0","W00","World","H6","HS","true","2709","Petroleum oils and oils obtained from bituminous minerals; crude","4","false","C00","TOTAL CPC","0","0","TOTAL MOT","8","kg","689380499","false","8","kg","689380499","false","689380499","false","0","false","644807483.36",,"644807483.36","0","false","true",
"C","A","20220101","2022","52","2022","579","NOR","Norway","M","Import","0","W00","World","0","W00","World","H6","HS","true","2709","Petroleum oils and oils obtained from bituminous minerals; crude","4","false","C00","TOTAL CPC","0","0","TOTAL MOT","8","kg","819347200","false","-1","N/A","0","false","819347200","false","0","false","605228769.613",,"605228769.613","0","false","true",
"C","A","20220101","2022","52","2022","586","PAK","Pakistan","M","Import","0","W00","World","0","W00","World","H6","HS","true","2709","Petroleum oils and oils obtained from bituminous minerals; crude","4","false","C00","TOTAL CPC","0","0","TOTAL MOT","8","kg","8700360000","false","21","1000 KG","8700360","false","8700360000","false","0","false","5961414858.952",,"5961414858.952","0","false","true",
"C","A","20220101","2022","52","2022","598","PNG","Papua New Guinea","M","Import","0","W00","World","0","W00","World","H5","HS","true","2709","Petroleum oils and oils obtained from bituminous minerals; crude","4","false","C00","TOTAL CPC","0","0","TOTAL MOT","8","kg","112749967.8","false","7","l","112749967.8","false",,"false","0","false","70286675.218",,"70286675.218","0","false","true",
"C","A","20220101","2022","52","2022","600","PRY","Paraguay","M","Import","0","W00","World","0","W00","World","H6","HS","true","2709","Petroleum oils and oils obtained from bituminous minerals; crude","4","false","C00","TOTAL CPC","0","0","TOTAL MOT","8","kg","350","false","8","kg","350","false","350","false","0","false","754.52","674.17","754.52","0","false","true",
"C","A","20220101","2022","52","2022","604","PER","Peru","M","Import","0","W00","World","0","W00","World","H6","HS","true","2709","Petroleum oils and oils obtained from bituminous minerals; crude","4","false","C00","TOTAL CPC","0","0","TOTAL MOT","-1","N/A","0","false","-1","N/A","0","false",,"false","0","false","2556905489.214",,"2556905489.214","0","false","true",
"C","A","20220101","2022","52","2022","608","PHL","Philippines","M","Import","0","W00","World","0","W00","World","H5","HS","true","2709","Petroleum oils and oils obtained from bituminous minerals; crude","4","false","C00","TOTAL CPC","0","0","TOTAL MOT","8","kg","6810315189","false","19","BBL","42832171","false","6810315189","false","5775019700","false","3782077936","3711758508","3782077936","0","false","true",
"C","A","20220101","2022","52","2022","616","POL","Poland","M","Import","0","W00","World","0","W00","World","H6","HS","true","2709","Petroleum oils and oils obtained from bituminous minerals; crude","4","false","C00","TOTAL CPC","0","0","TOTAL MOT","8","kg","25129606058.965","true","-1","N/A","0","false","25129606058.965","true","0","false","16647142021",,"16647142021","6","false","true",
"C","A","20220101","2022","52","2022","620","PRT","Portugal","M","Import","0","W00","World","0","W00","World","H6","HS","true","2709","Petroleum oils and oils obtained from bituminous minerals; crude","4","false","C00","TOTAL CPC","0","0","TOTAL MOT","8","kg","9860073095","false","8","kg","9860073095","false","9860073095","false","0","false","7798251952.838",,"7798251952.838","0","false","true",
"C","A","20220101","2022","52","2022","634","QAT","Qatar","M","Import","0","W00","World","0","W00","World","H6","HS","true","2709","Petroleum oils and oils obtained from bituminous minerals; crude","4","false","C00","TOTAL CPC","0","0","TOTAL MOT","8","kg","110194200","false","5","u","110194200","false","110194200","false","0","false","98122707.406",,"98122707.406","0","false","true",
"C","A","20220101","2022","52","2022","642","ROU","Romania","M","Import","0","W00","World","0","W00","World","H6","HS","true","2709","Petroleum oils and oils obtained from bituminous minerals; crude","4","false","C00","TOTAL CPC","0","0","TOTAL MOT","-1","N/A","0","false","-1","N/A","0","false",,"false","0","false","5902836541.33",,"5902836541.33","0","false","true",
"C","A","20220101","2022","52","2022","686","SEN","Senegal","M","Import","0","W00","World","0","W00","World","H6","HS","true","2709","Petroleum oils and oils obtained from bituminous minerals; crude","4","false","C00","TOTAL CPC","0","0","TOTAL MOT","-1","N/A","0","false","-1","N/A","0","false",,"false","0","false","444408280.293",,"444408280.293","0","false","true",
"C","A","20220101","2022","52","2022","688","SRB","Serbia","M","Import","0","W00","World","0","W00","World","H6","HS","true","2709","Petroleum oils and oils obtained from bituminous minerals; crude","4","false","C00","TOTAL CPC","0","0","TOTAL MOT","8","kg","3422306811","false","8","kg","3422306811","false","3422306811","false","0","false","2279547784","2268819229","2279547784","0","false","true",
"C","A","20220101","2022","52","2022","690","SYC","Seychelles","M","Import","0","W00","World","0","W00","World","H5","HS","true","2709","Petroleum oils and oils obtained from bituminous minerals; crude","4","false","C00","TOTAL CPC","0","0","TOTAL MOT","8","kg","106","false","8","kg","106","false","105.2","false","0","false","173.793",,"173.793","0","false","true",
"C","A","20220101","2022","52","2022","699","IND","India","M","Import","0","W00","World","0","W00","World","H6","HS","true","2709","Petroleum oils and oils obtained from bituminous minerals; crude","4","false","C00","TOTAL CPC","0","0","TOTAL MOT","8","kg","243308360156","false","8","kg","243308360156","false","243308360156","false","0","false","173515902760.238",,"173515902760.238","0","false","true",
"C","A","20220101","2022","52","2022","702","SGP","Singapore","M","Import","0","W00","World","0","W00","World","H6","HS","true","2709","Petroleum oils and oils obtained from bituminous minerals; crude","4","false","C00","TOTAL CPC","0","0","TOTAL MOT","8","kg","43874124082.325","true","-1","N/A","0","false","43874124082.325","true","0","false","34014894129.991",,"34014894129.991","6","false","true",
"C","A","20220101","2022","52","2022","703","SVK","Slovakia","M","Import","0","W00","World","0","W00","World","H6","HS","true","2709","Petroleum oils and oils obtained from bituminous minerals; crude","4","false","C00","TOTAL CPC","0","0","TOTAL MOT","8","kg","5271242625","false","8","kg","5271242625","false","5271242625","false","0","false","2872861681.126","2872861681.126","2872861681.126","0","false","true",
"C","A","20220101","2022","52","2022","704","VNM","Viet Nam","M","Import","0","W00","World","0","W00","World","H6","HS","true","2709","Petroleum oils and oils obtained from bituminous minerals; crude","4","false","C00","TOTAL CPC","0","0","TOTAL MOT","8","kg","10514749502.12","true","-1","N/A","0","false","10514749502.12","true","0","false","7253996248.982",,"7253996248.982","6","false","true",
"C","A","20220101","2022","52","2022","705","SVN","Slovenia","M","Import","0","W00","World","0","W00","World","H6","HS","true","2709","Petroleum oils and oils obtained from bituminous minerals; crude","4","false","C00","TOTAL CPC","0","0","TOTAL MOT","8","kg","0.118","false","8","kg","0.118","false","0.118","false","0","false","15.462",,"15.462","0","false","true",
"C","A","20220101","2022","52","2022","710","ZAF","South Africa","M","Import","0","W00","World","0","W00","World","H6","HS","true","2709","Petroleum oils and oils obtained from bituminous minerals; crude","4","false","C00","TOTAL CPC","0","0","TOTAL MOT","8","kg","6157359828.2","false","8","kg","6157359828.2","false","6157359828.2","false","0","false",,"4397934672.195","4397934672.195","0","false","true",
"C","A","20220101","2022","52","2022","716","ZWE","Zimbabwe","M","Import","0","W00","World","0","W00","World","H5","HS","true","2709","Petroleum oils and oils obtained from bituminous minerals; crude","4","false","C00","TOTAL CPC","0","0","TOTAL MOT","8","kg","2224457","false","12","m³","1533761","false","2224457","false","0","false","671464.99",,"671464.99","0","false","true",
"C","A","20220101","2022","52","2022","724","ESP","Spain","M","Import","0","W00","World","0","W00","World","H6","HS","true","2709","Petroleum oils and oils obtained from bituminous minerals; crude","4","false","C00","TOTAL CPC","0","0","TOTAL MOT","-1","N/A","0","false","-1","N/A","0","false",,"false","0","false","47748562906.754",,"47748562906.754","0","false","true",
"C","A","20220101","2022","52","2022","740","SUR","Suriname","M","Import","0","W00","World","0","W00","World","H3","HS","true","2709","Petroleum oils and oils obtained from bituminous minerals; crude","4","false","C00","TOTAL CPC","0","0","TOTAL MOT","8","kg","202700","false","7","l","1500","false","202700","false","202744","false","482702.72",,"482702.72","0","false","true",
"C","A","20220101","2022","52","2022","748","SWZ","Eswatini","M","Import","0","W00","World","0","W00","World","H6","HS","true","2709","Petroleum oils and oils obtained from bituminous minerals; crude","4","false","C00","TOTAL CPC","0","0","TOTAL MOT","8","kg","6209","false","8","kg","6209","false","6209","false","0","false","20412.3",,"20412.3","0","false","true",
"C","A","20220101","2022","52","2022","752","SWE","Sweden","M","Import","0","W00","World","0","W00","World","H6","HS","true","2709","Petroleum oils and oils obtained from bituminous minerals; crude","4","false","C00","TOTAL CPC","0","0","TOTAL MOT","8","kg","18900756603.701","true","-1","N/A","0","false","18900756603.701","true","0","false","14986810891.467",,"14986810891.467","6","false","true",
"C","A","20220101","2022","52","2022","757","CHE","Switzerland","M","Import","0","W00","World","0","W00","World","H6","HS","true","2709","Petroleum oils and oils obtained from bituminous minerals; crude","4","false","C00","TOTAL CPC","0","0","TOTAL MOT","8","kg","3026050197","false","7","l","3692401195","false","3026050197","false","0","false","2312032020.551",,"2312032020.551","0","false","true",
"C","A","20220101","2022","52","2022","762","TJK","Tajikistan","M","Import","0","W00","World","0","W00","World","H4","HS","true","2709","Petroleum oils and oils obtained from bituminous minerals; crude","4","false","C00","TOTAL CPC","0","0","TOTAL MOT","8","kg","154473","false","8","kg","154473","false","154473","false","0","false","86536",,"86536","0","false","true",
"C","A","20220101","2022","52","2022","764","THA","Thailand","M","Import","0","W00","World","0","W00","World","H6","HS","true","2709","Petroleum oils and oils obtained from bituminous minerals; crude","4","false","C00","TOTAL CPC","0","0","TOTAL MOT","8","kg","43418871553","false","7","l","53113151004","false","43418871553","false","0","false","35999781951.51",,"35999781951.51","0","false","true",
"C","A","20220101","2022","52","2022","776","TON","Tonga","M","Import","0","W00","World","0","W00","World","H5","HS","true","2709","Petroleum oils and oils obtained from bituminous minerals; crude","4","false","C00","TOTAL CPC","0","0","TOTAL MOT","8","kg","207","false","7","l","207","false",,"false","0","false","1913.221",,"1913.221","0","false","true",
"C","A","20220101","2022","52","2022","780","TTO","Trinidad and Tobago","M","Import","0","W00","World","0","W00","World","H4","HS","true","2709","Petroleum oils and oils obtained from bituminous minerals; crude","4","false","C00","TOTAL CPC","0","0","TOTAL MOT","8","kg","42","false","12","m³","11","false","42","false","0","false","490.483",,"490.483","0","false","true",
"C","A","20220101","2022","52","2022","784","ARE","United Arab Emirates","M","Import","0","W00","World","0","W00","World","H6","HS","true","2709","Petroleum oils and oils obtained from bituminous minerals; crude","4","false","C00","TOTAL CPC","0","0","TOTAL MOT","-1","N/A","0","false","-1","N/A","0","false",,"false","0","false","2876899278.857",,"2876899278.857","0","false","true",
"C","A","20220101","2022","52","2022","788","TUN","Tunisia","M","Import","0","W00","World","0","W00","World","H5","HS","true","2709","Petroleum oils and oils obtained from bituminous minerals; crude","4","false","C00","TOTAL CPC","0","0","TOTAL MOT","8","kg","995055693","false","-1","N/A","0","false","995055693","false","0","false","788160221.195",,"788160221.195","0","false","true",
"C","A","20220101","2022","52","2022","800","UGA","Uganda","M","Import","0","W00","World","0","W00","World","H6","HS","true","2709","Petroleum oils and oils obtained from bituminous minerals; crude","4","false","C00","TOTAL CPC","0","0","TOTAL MOT","8","kg","76853","false","8","kg","76853","false","76853","false","0","false","146252.61",,"146252.61","0","false","true",
"C","A","20220101","2022","52","2022","804","UKR","Ukraine","M","Import","0","W00","World","0","W00","World","H5","HS","true","2709","Petroleum oils and oils obtained from bituminous minerals; crude","4","false","C00","TOTAL CPC","0","0","TOTAL MOT","8","kg","516806849","false","8","kg","516806849","false","516806849","false","0","false","329743554.64",,"329743554.64","0","false","true",
"C","A","20220101","2022","52","2022","818","EGY","Egypt","M","Import","0","W00","World","0","W00","World","H6","HS","true","2709","Petroleum oils and oils obtained from bituminous minerals; crude","4","false","C00","TOTAL CPC","0","0","TOTAL MOT","8","kg","6137152189.205","true","-1","N/A","0","false","6137152189.205","true","0","false","4627680000",,"4627680000","6","false","true",
"C","A","20220101","2022","52","2022","826","GBR","United Kingdom","M","Import","0","W00","World","0","W00","World","H6","HS","true","2709","Petroleum oils and oils obtained from bituminous minerals; crude","4","false","C00","TOTAL CPC","0","0","TOTAL MOT","-1","N/A","0","false","-1","N/A","0","false",,"false","0","false","39459097072.433",,"39459097072.433","0","false","true",
"C","A","20220101","2022","52","2022","834","TZA","United Rep. of Tanzania","M","Import","0","W00","World","0","W00","World","H6","HS","true","2709","Petroleum oils and oils obtained from bituminous minerals; crude","4","false","C00","TOTAL CPC","0","0","TOTAL MOT","8","kg","10931.7","false","8","kg","10931.7","false","10931.7","false","0","false","14157.32","12753.37","14157.32","0","false","true",
"C","A","20220101","2022","52","2022","842","USA","USA","M","Import","0","W00","World","0","W00","World","H6","HS","true","2709","Petroleum oils and oils obtained from bituminous minerals; crude","4","false","C00","TOTAL CPC","0","0","TOTAL MOT","8","kg","359125481334","false","19","BBL","2258650826","false","359125481334","false","0","false","204715565176","198385384839","204715565176","0","false","true",
"C","A","20220101","2022","52","2022","858","URY","Uruguay","M","Import","0","W00","World","0","W00","World","H6","HS","true","2709","Petroleum oils and oils obtained from bituminous minerals; crude","4","false","C00","TOTAL CPC","0","0","TOTAL MOT","8","kg","2185457100","false","8","kg","2185457100","false","2185457100","false","0","false","1656540677","1604864055","1656540677","0","false","true",
"C","A","20220101","2022","52","2022","860","UZB","Uzbekistan","M","Import","0","W00","World","0","W00","World","H5","HS","true","2709","Petroleum oils and oils obtained from bituminous minerals; crude","4","false","C00","TOTAL CPC","0","0","TOTAL MOT","8","kg","451077320","false","21","1000 KG","451077.32","false","451077320","false","0","false","293464354","0","293464354","0","false","true",
"C","A","20220101","2022","52","2022","882","WSM","Samoa","M","Import","0","W00","World","0","W00","World","H5","HS","true","2709","Petroleum oils and oils obtained from bituminous minerals; crude","4","false","C00","TOTAL CPC","0","0","TOTAL MOT","8","kg","26","false","7","l","26","false",,"false","0","false","597.953",,"597.953","0","false","true",
"C","A","20220101","2022","52","2022","894","ZMB","Zambia","M","Import","0","W00","World","0","W00","World","H6","HS","true","2709","Petroleum oils and oils obtained from bituminous minerals; crude","4","false","C00","TOTAL CPC","0","0","TOTAL MOT","8","kg","1147.58","false","7","l","38","false","1147.58","false","0","false","12736.074",,"12736.074","0","false","true",
