date,refyear_clean,refmonth_clean,refperiodid,freqcode,refyear,refmonth,period,flowcode,flowdesc,reportercode,reporteriso,reporterdesc,partnercode,partneriso,partnerdesc,cmdcode,cmddesc,cifvalue,fobvalue,primaryvalue,qty,alt_qty,net_wgt,gross_wgt
2024-01-01,2024,1,20240101,A,2024,52,2024,X,Export,24,AGO,Angola,0,W00,World,7108,"Gold (including gold plated with platinum) unwrought or in semi-manufactured forms, or in powder form",,2776441.81,2776441.81,0.0,0.0,,0.0
2024-01-01,2024,1,20240101,A,2024,52,2024,X,Export,31,AZE,Azerbaijan,0,W00,World,7108,"Gold (including gold plated with platinum) unwrought or in semi-manufactured forms, or in powder form",,211908629.62,211908629.62,4272.39,4272390.0,4272.39,0.0
2024-01-01,2024,1,20240101,A,2024,52,2024,X,Export,32,ARG,Argentina,0,W00,World,7108,"Gold (including gold plated with platinum) unwrought or in semi-manufactured forms, or in powder form",,1628280075.67,1628280075.67,165757.94,165757.94,165757.94,0.0
2024-01-01,2024,1,20240101,A,2024,52,2024,X,Export,36,AUS,Australia,0,W00,World,7108,"Gold (including gold plated with platinum) unwrought or in semi-manufactured forms, or in powder form",,23554820702.975,23554820702.975,320334.93,0.0,320334.93,384.231
2024-01-01,2024,1,20240101,A,2024,52,2024,X,Export,40,AUT,Austria,0,W00,World,7108,"Gold (including gold plated with platinum) unwrought or in semi-manufactured forms, or in powder form",,2066798616.336,2066798616.336,27707.931,0.0,27707.931,0.0
2024-01-01,2024,1,20240101,A,2024,52,2024,X,Export,44,BHS,Bahamas,0,W00,World,7108,"Gold (including gold plated with platinum) unwrought or in semi-manufactured forms, or in powder form",,25164.0,25164.0,0.0,0.0,,0.0
2024-01-01,2024,1,20240101,A,2024,52,2024,X,Export,51,ARM,Armenia,0,W00,World,7108,"Gold (including gold plated with platinum) unwrought or in semi-manufactured forms, or in powder form",,5605279374.88,5605279374.88,77566.851,77566.851,77595.367,0.0
2024-01-01,2024,1,20240101,A,2024,52,2024,X,Export,52,BRB,Barbados,0,W00,World,7108,"Gold (including gold plated with platinum) unwrought or in semi-manufactured forms, or in powder form",,4000.0,4000.0,10.0,10.0,10.0,0.0
2024-01-01,2024,1,20240101,A,2024,52,2024,X,Export,56,BEL,Belgium,0,W00,World,7108,"Gold (including gold plated with platinum) unwrought or in semi-manufactured forms, or in powder form",,1121414126.719,1121414126.719,0.0,0.0,,0.0
2024-01-01,2024,1,20240101,A,2024,52,2024,X,Export,68,BOL,Bolivia (Plurinational State of),0,W00,World,7108,"Gold (including gold plated with platinum) unwrought or in semi-manufactured forms, or in powder form",,686631195.9,686631195.9,9376.78,9376.78,9376.78,10985.66
2024-01-01,2024,1,20240101,A,2024,52,2024,X,Export,70,BIH,Bosnia Herzegovina,0,W00,World,7108,"Gold (including gold plated with platinum) unwrought or in semi-manufactured forms, or in powder form",,883220.681,883220.681,18.66,18.66,18.66,0.0
2024-01-01,2024,1,20240101,A,2024,52,2024,X,Export,76,BRA,Brazil,0,W00,World,7108,"Gold (including gold plated with platinum) unwrought or in semi-manufactured forms, or in powder form",,3960421422.0,3960421422.0,0.0,0.0,,0.0
2024-01-01,2024,1,20240101,A,2024,52,2024,X,Export,96,BRN,Brunei Darussalam,0,W00,World,7108,"Gold (including gold plated with platinum) unwrought or in semi-manufactured forms, or in powder form",,1972442.865,1972442.865,44.0,44.0,44.0,0.0
2024-01-01,2024,1,20240101,A,2024,52,2024,X,Export,100,BGR,Bulgaria,0,W00,World,7108,"Gold (including gold plated with platinum) unwrought or in semi-manufactured forms, or in powder form",,46962731.093,46962731.093,1828.952,1828952.0,1795.441,0.0
2024-01-01,2024,1,20240101,A,2024,52,2024,X,Export,116,KHM,Cambodia,0,W00,World,7108,"Gold (including gold plated with platinum) unwrought or in semi-manufactured forms, or in powder form",,467902199.61,467902199.61,6749.84,6749.84,6749.84,0.0
2024-01-01,2024,1,20240101,A,2024,52,2024,X,Export,124,CAN,Canada,0,W00,World,7108,"Gold (including gold plated with platinum) unwrought or in semi-manufactured forms, or in powder form",,27284784336.513,27284784336.513,374171.422,374171.422,374171.422,0.0
2024-01-01,2024,1,20240101,A,2024,52,2024,X,Export,140,CAF,Central African Rep.,0,W00,World,7108,"Gold (including gold plated with platinum) unwrought or in semi-manufactured forms, or in powder form",,32068336.18,32068336.18,0.0,0.0,,0.0
2024-01-01,2024,1,20240101,A,2024,52,2024,X,Export,152,CHL,Chile,0,W00,World,7108,"Gold (including gold plated with platinum) unwrought or in semi-manufactured forms, or in powder form",,1202822168.059,1202822168.059,16479.241,16479.241,16479.241,0.0
2024-01-01,2024,1,20240101,A,2024,52,2024,X,Export,156,CHN,China,0,W00,World,7108,"Gold (including gold plated with platinum) unwrought or in semi-manufactured forms, or in powder form",,12358141473.0,12358141473.0,154156.496,154156496.0,154156.496,0.0
2024-01-01,2024,1,20240101,A,2024,52,2024,X,Export,170,COL,Colombia,0,W00,World,7108,"Gold (including gold plated with platinum) unwrought or in semi-manufactured forms, or in powder form",,4103524728.68,4103524728.68,69885.77,69885.77,69885.77,0.0
2024-01-01,2024,1,20240101,A,2024,52,2024,X,Export,188,CRI,Costa Rica,0,W00,World,7108,"Gold (including gold plated with platinum) unwrought or in semi-manufactured forms, or in powder form",,39605608.83,39605608.83,18661.17,18661.17,18661.17,0.0
2024-01-01,2024,1,20240101,A,2024,52,2024,X,Export,191,HRV,Croatia,0,W00,World,7108,"Gold (including gold plated with platinum) unwrought or in semi-manufactured forms, or in powder form",,77693830.0,77693830.0,1115.432,1115432.12,1120.785,0.0
2024-01-01,2024,1,20240101,A,2024,52,2024,X,Export,196,CYP,Cyprus,0,W00,World,7108,"Gold (including gold plated with platinum) unwrought or in semi-manufactured forms, or in powder form",,11993237.673,11993237.673,226.255,0.0,230.558,0.0
2024-01-01,2024,1,20240101,A,2024,52,2024,X,Export,203,CZE,Czechia,0,W00,World,7108,"Gold (including gold plated with platinum) unwrought or in semi-manufactured forms, or in powder form",,108903294.0,108903294.0,0.0,0.0,,0.0
2024-01-01,2024,1,20240101,A,2024,52,2024,X,Export,204,BEN,Benin,0,W00,World,7108,"Gold (including gold plated with platinum) unwrought or in semi-manufactured forms, or in powder form",,11079838.854,11079838.854,6716.75,6716.75,6716.75,0.0
2024-01-01,2024,1,20240101,A,2024,52,2024,X,Export,208,DNK,Denmark,0,W00,World,7108,"Gold (including gold plated with platinum) unwrought or in semi-manufactured forms, or in powder form",,20995845.513,20995845.513,360.726,0.0,662.111,0.0
2024-01-01,2024,1,20240101,A,2024,52,2024,X,Export,214,DOM,Dominican Rep.,0,W00,World,7108,"Gold (including gold plated with platinum) unwrought or in semi-manufactured forms, or in powder form",,1525290671.405,1525290671.405,0.0,0.0,,0.0
2024-01-01,2024,1,20240101,A,2024,52,2024,X,Export,218,ECU,Ecuador,0,W00,World,7108,"Gold (including gold plated with platinum) unwrought or in semi-manufactured forms, or in powder form",,937632964.591,937632964.591,17303.49,17303.49,15453.075,0.0
2024-01-01,2024,1,20240101,A,2024,52,2024,X,Export,222,SLV,El Salvador,0,W00,World,7108,"Gold (including gold plated with platinum) unwrought or in semi-manufactured forms, or in powder form",,69326.31,69326.31,0.0,0.0,,0.0
2024-01-01,2024,1,20240101,A,2024,52,2024,X,Export,233,EST,Estonia,0,W00,World,7108,"Gold (including gold plated with platinum) unwrought or in semi-manufactured forms, or in powder form",,179593193.11,179593193.11,2328.893,2328893.319,2328.9,0.0
2024-01-01,2024,1,20240101,A,2024,52,2024,X,Export,242,FJI,Fiji,0,W00,World,7108,"Gold (including gold plated with platinum) unwrought or in semi-manufactured forms, or in powder form",,74135716.564,74135716.564,0.0,0.0,,0.0
2024-01-01,2024,1,20240101,A,2024,52,2024,X,Export,246,FIN,Finland,0,W00,World,7108,"Gold (including gold plated with platinum) unwrought or in semi-manufactured forms, or in powder form",,2393366.41,2393366.41,197.682,197.682,202.758,0.0
2024-01-01,2024,1,20240101,A,2024,52,2024,X,Export,251,FRA,France,0,W00,World,7108,"Gold (including gold plated with platinum) unwrought or in semi-manufactured forms, or in powder form",,3547944430.453,3547944430.453,0.0,0.0,,0.0
2024-01-01,2024,1,20240101,A,2024,52,2024,X,Export,258,PYF,French Polynesia,0,W00,World,7108,"Gold (including gold plated with platinum) unwrought or in semi-manufactured forms, or in powder form",,322769.235,322769.235,12.446,12.446,12.446,0.0
2024-01-01,2024,1,20240101,A,2024,52,2024,X,Export,268,GEO,Georgia,0,W00,World,7108,"Gold (including gold plated with platinum) unwrought or in semi-manufactured forms, or in powder form",,104699396.055,104699396.055,2666.068,2666068.21,2665.979,0.0
2024-01-01,2024,1,20240101,A,2024,52,2024,X,Export,276,DEU,Germany,0,W00,World,7108,"Gold (including gold plated with platinum) unwrought or in semi-manufactured forms, or in powder form",,14700722392.57,14700722392.57,219453.751,0.0,219355.555,0.0
2024-01-01,2024,1,20240101,A,2024,52,2024,X,Export,300,GRC,Greece,0,W00,World,7108,"Gold (including gold plated with platinum) unwrought or in semi-manufactured forms, or in powder form",,15875640.051,15875640.051,0.0,0.0,,0.0
2024-01-01,2024,1,20240101,A,2024,52,2024,X,Export,328,GUY,Guyana,0,W00,World,7108,"Gold (including gold plated with platinum) unwrought or in semi-manufactured forms, or in powder form",,956743659.727,956743659.727,13391.46,430541.74,13391.46,0.0
2024-01-01,2024,1,20240101,A,2024,52,2024,X,Export,340,HND,Honduras,0,W00,World,7108,"Gold (including gold plated with platinum) unwrought or in semi-manufactured forms, or in powder form",,193244840.6,193244840.6,2514.39,2514.39,2514.39,0.0
2024-01-01,2024,1,20240101,A,2024,52,2024,X,Export,344,HKG,"China, Hong Kong SAR",0,W00,World,7108,"Gold (including gold plated with platinum) unwrought or in semi-manufactured forms, or in powder form",,56535082373.244,56535082373.244,742483.0,742483.0,742483.0,0.0
2024-01-01,2024,1,20240101,A,2024,52,2024,X,Export,348,HUN,Hungary,0,W00,World,7108,"Gold (including gold plated with platinum) unwrought or in semi-manufactured forms, or in powder form",,84963783.0,84963783.0,0.0,0.0,0.0,0.0
2024-01-01,2024,1,20240101,A,2024,52,2024,X,Export,360,IDN,Indonesia,0,W00,World,7108,"Gold (including gold plated with platinum) unwrought or in semi-manufactured forms, or in powder form",,1062178295.45,1062178295.45,13757.67,13757.67,13757.67,0.0
2024-01-01,2024,1,20240101,A,2024,52,2024,X,Export,372,IRL,Ireland,0,W00,World,7108,"Gold (including gold plated with platinum) unwrought or in semi-manufactured forms, or in powder form",,10976782.842,10976782.842,338.552,338552.0,,0.0
2024-01-01,2024,1,20240101,A,2024,52,2024,X,Export,376,ISR,Israel,0,W00,World,7108,"Gold (including gold plated with platinum) unwrought or in semi-manufactured forms, or in powder form",,3132000.0,3132000.0,0.0,0.0,,0.0
2024-01-01,2024,1,20240101,A,2024,52,2024,X,Export,380,ITA,Italy,0,W00,World,7108,"Gold (including gold plated with platinum) unwrought or in semi-manufactured forms, or in powder form",,5104078140.818,5104078140.818,74821.948,0.0,,0.0
2024-01-01,2024,1,20240101,A,2024,52,2024,X,Export,384,CIV,Côte d'Ivoire,0,W00,World,7108,"Gold (including gold plated with platinum) unwrought or in semi-manufactured forms, or in powder form",,3143973443.593,3143973443.593,57106.0,57106.0,57106.0,0.0
2024-01-01,2024,1,20240101,A,2024,52,2024,X,Export,392,JPN,Japan,0,W00,World,7108,"Gold (including gold plated with platinum) unwrought or in semi-manufactured forms, or in powder form",,17837697074.405,17837697074.405,228849.43,0.0,228849.43,0.0
2024-01-01,2024,1,20240101,A,2024,52,2024,X,Export,398,KAZ,Kazakhstan,0,W00,World,7108,"Gold (including gold plated with platinum) unwrought or in semi-manufactured forms, or in powder form",,418170272.05,418170272.05,0.0,0.0,,0.0
2024-01-01,2024,1,20240101,A,2024,52,2024,X,Export,404,KEN,Kenya,0,W00,World,7108,"Gold (including gold plated with platinum) unwrought or in semi-manufactured forms, or in powder form",,24065266.362,24065266.362,32393.535,32393534.5,29509.717,0.0
2024-01-01,2024,1,20240101,A,2024,52,2024,X,Export,410,KOR,Rep. of Korea,0,W00,World,7108,"Gold (including gold plated with platinum) unwrought or in semi-manufactured forms, or in powder form",,1220670526.0,1220670526.0,21009.324,0.0,21009.324,0.0
2024-01-01,2024,1,20240101,A,2024,52,2024,X,Export,414,KWT,Kuwait,0,W00,World,7108,"Gold (including gold plated with platinum) unwrought or in semi-manufactured forms, or in powder form",,214103334.0,214103334.0,3414.16,3414.16,3414.16,0.0
2024-01-01,2024,1,20240101,A,2024,52,2024,X,Export,417,KGZ,Kyrgyzstan,0,W00,World,7108,"Gold (including gold plated with platinum) unwrought or in semi-manufactured forms, or in powder form",,1405979506.0,1405979506.0,17148.365,17148.365,17790.0,0.0
2024-01-01,2024,1,20240101,A,2024,52,2024,X,Export,422,LBN,Lebanon,0,W00,World,7108,"Gold (including gold plated with platinum) unwrought or in semi-manufactured forms, or in powder form",,278098499.0,278098499.0,3753.674,0.0,3753.674,0.0
2024-01-01,2024,1,20240101,A,2024,52,2024,X,Export,428,LVA,Latvia,0,W00,World,7108,"Gold (including gold plated with platinum) unwrought or in semi-manufactured forms, or in powder form",,8747475.026,8747475.026,165.759,165.759,170.482,0.0
2024-01-01,2024,1,20240101,A,2024,52,2024,X,Export,440,LTU,Lithuania,0,W00,World,7108,"Gold (including gold plated with platinum) unwrought or in semi-manufactured forms, or in powder form",,2348359.0,2348359.0,40.581,40.581,40.897,0.0
2024-01-01,2024,1,20240101,A,2024,52,2024,X,Export,442,LUX,Luxembourg,0,W00,World,7108,"Gold (including gold plated with platinum) unwrought or in semi-manufactured forms, or in powder form",,167398776.693,167398776.693,0.0,2106621.6,5049.043,0.0
2024-01-01,2024,1,20240101,A,2024,52,2024,X,Export,446,MAC,"China, Macao SAR",0,W00,World,7108,"Gold (including gold plated with platinum) unwrought or in semi-manufactured forms, or in powder form",,1155494.458,1155494.458,17.0,17.0,17.0,0.0
2024-01-01,2024,1,20240101,A,2024,52,2024,X,Export,450,MDG,Madagascar,0,W00,World,7108,"Gold (including gold plated with platinum) unwrought or in semi-manufactured forms, or in powder form",,807776.773,807776.773,10.38,10.38,10.38,0.0
2024-01-01,2024,1,20240101,A,2024,52,2024,X,Export,458,MYS,Malaysia,0,W00,World,7108,"Gold (including gold plated with platinum) unwrought or in semi-manufactured forms, or in powder form",,965212575.907,965212575.907,0.0,0.0,,0.0
2024-01-01,2024,1,20240101,A,2024,52,2024,X,Export,470,MLT,Malta,0,W00,World,7108,"Gold (including gold plated with platinum) unwrought or in semi-manufactured forms, or in powder form",,60760081.962,60760081.962,777.285,777285.0,775.0,0.0
2024-01-01,2024,1,20240101,A,2024,52,2024,X,Export,478,MRT,Mauritania,0,W00,World,7108,"Gold (including gold plated with platinum) unwrought or in semi-manufactured forms, or in powder form",,1637579088.161,1637579088.161,23549.76,23549.76,23549.76,0.0
2024-01-01,2024,1,20240101,A,2024,52,2024,X,Export,480,MUS,Mauritius,0,W00,World,7108,"Gold (including gold plated with platinum) unwrought or in semi-manufactured forms, or in powder form",,1882064.849,1882064.849,33.0,33.0,39.0,0.0
2024-01-01,2024,1,20240101,A,2024,52,2024,X,Export,484,MEX,Mexico,0,W00,World,7108,"Gold (including gold plated with platinum) unwrought or in semi-manufactured forms, or in powder form",,3677031558.0,3677031558.0,0.0,0.0,0.0,0.0
2024-01-01,2024,1,20240101,A,2024,52,2024,X,Export,490,S19,"Other Asia, nes",0,W00,World,7108,"Gold (including gold plated with platinum) unwrought or in semi-manufactured forms, or in powder form",,1178597827.565,1178597827.565,17379.499,0.0,17379.499,0.0
2024-01-01,2024,1,20240101,A,2024,52,2024,X,Export,498,MDA,Rep. of Moldova,0,W00,World,7108,"Gold (including gold plated with platinum) unwrought or in semi-manufactured forms, or in powder form",,1534269.0,1534269.0,37.575,37.575,36.0,0.0
2024-01-01,2024,1,20240101,A,2024,52,2024,X,Export,504,MAR,Morocco,0,W00,World,7108,"Gold (including gold plated with platinum) unwrought or in semi-manufactured forms, or in powder form",,33867896.821,33867896.821,0.0,223686.69,459.47,0.0
2024-01-01,2024,1,20240101,A,2024,52,2024,X,Export,508,MOZ,Mozambique,0,W00,World,7108,"Gold (including gold plated with platinum) unwrought or in semi-manufactured forms, or in powder form",,27216774.0,27216774.0,474.004,474004.0,474.004,0.0
2024-01-01,2024,1,20240101,A,2024,52,2024,X,Export,516,NAM,Namibia,0,W00,World,7108,"Gold (including gold plated with platinum) unwrought or in semi-manufactured forms, or in powder form",786732250.028,786732250.028,786732250.028,11185.87,11185.87,11185.87,0.0
2024-01-01,2024,1,20240101,A,2024,52,2024,X,Export,528,NLD,Netherlands,0,W00,World,7108,"Gold (including gold plated with platinum) unwrought or in semi-manufactured forms, or in powder form",,448689523.971,448689523.971,0.0,0.0,,0.0
2024-01-01,2024,1,20240101,A,2024,52,2024,X,Export,554,NZL,New Zealand,0,W00,World,7108,"Gold (including gold plated with platinum) unwrought or in semi-manufactured forms, or in powder form",,607633425.091,607633425.091,14888.239,14888239.0,14888.239,15647.0
2024-01-01,2024,1,20240101,A,2024,52,2024,X,Export,558,NIC,Nicaragua,0,W00,World,7108,"Gold (including gold plated with platinum) unwrought or in semi-manufactured forms, or in powder form",,1353943516.4,1353943516.4,19516.6,19516.6,19516.6,0.0
2024-01-01,2024,1,20240101,A,2024,52,2024,X,Export,562,NER,Niger,0,W00,World,7108,"Gold (including gold plated with platinum) unwrought or in semi-manufactured forms, or in powder form",,4161063.177,4161063.177,50.0,50.0,50.0,0.0
2024-01-01,2024,1,20240101,A,2024,52,2024,X,Export,566,NGA,Nigeria,0,W00,World,7108,"Gold (including gold plated with platinum) unwrought or in semi-manufactured forms, or in powder form",,147323805.186,147323805.186,0.0,0.0,,0.0
2024-01-01,2024,1,20240101,A,2024,52,2024,X,Export,579,NOR,Norway,0,W00,World,7108,"Gold (including gold plated with platinum) unwrought or in semi-manufactured forms, or in powder form",,212055466.435,212055466.435,2961.0,2961.0,2961.0,0.0
2024-01-01,2024,1,20240101,A,2024,52,2024,X,Export,591,PAN,Panama,0,W00,World,7108,"Gold (including gold plated with platinum) unwrought or in semi-manufactured forms, or in powder form",,34468970.0,34468970.0,1099.0,1099.0,1099.0,1099.0
2024-01-01,2024,1,20240101,A,2024,52,2024,X,Export,600,PRY,Paraguay,0,W00,World,7108,"Gold (including gold plated with platinum) unwrought or in semi-manufactured forms, or in powder form",,38617395.88,38617395.88,587.2,587.2,587.2,0.0
2024-01-01,2024,1,20240101,A,2024,52,2024,X,Export,604,PER,Peru,0,W00,World,7108,"Gold (including gold plated with platinum) unwrought or in semi-manufactured forms, or in powder form",,12756325694.357,12756325694.357,0.0,0.0,,0.0
2024-01-01,2024,1,20240101,A,2024,52,2024,X,Export,608,PHL,Philippines,0,W00,World,7108,"Gold (including gold plated with platinum) unwrought or in semi-manufactured forms, or in powder form",,1370854471.0,1370854471.0,0.0,0.0,,82410.37
2024-01-01,2024,1,20240101,A,2024,52,2024,X,Export,616,POL,Poland,0,W00,World,7108,"Gold (including gold plated with platinum) unwrought or in semi-manufactured forms, or in powder form",,222673142.0,222673142.0,3055.346,0.0,3644.212,0.0
2024-01-01,2024,1,20240101,A,2024,52,2024,X,Export,620,PRT,Portugal,0,W00,World,7108,"Gold (including gold plated with platinum) unwrought or in semi-manufactured forms, or in powder form",,210865152.083,210865152.083,3021.587,3021.587,3018.179,0.0
2024-01-01,2024,1,20240101,A,2024,52,2024,X,Export,634,QAT,Qatar,0,W00,World,7108,"Gold (including gold plated with platinum) unwrought or in semi-manufactured forms, or in powder form",,2656980.449,2656980.449,0.0,0.0,0.0,0.0
2024-01-01,2024,1,20240101,A,2024,52,2024,X,Export,642,ROU,Romania,0,W00,World,7108,"Gold (including gold plated with platinum) unwrought or in semi-manufactured forms, or in powder form",,239627122.79,239627122.79,4735.898,0.0,4745.508,0.0
2024-01-01,2024,1,20240101,A,2024,52,2024,X,Export,682,SAU,Saudi Arabia,0,W00,World,7108,"Gold (including gold plated with platinum) unwrought or in semi-manufactured forms, or in powder form",,1774921463.627,1774921463.627,23448.0,23448.0,23448.0,0.0
2024-01-01,2024,1,20240101,A,2024,52,2024,X,Export,686,SEN,Senegal,0,W00,World,7108,"Gold (including gold plated with platinum) unwrought or in semi-manufactured forms, or in powder form",,930217713.698,930217713.698,14597.0,14597.0,14597.0,0.0
2024-01-01,2024,1,20240101,A,2024,52,2024,X,Export,688,SRB,Serbia,0,W00,World,7108,"Gold (including gold plated with platinum) unwrought or in semi-manufactured forms, or in powder form",,18631277.0,18631277.0,376.81,376.81,376.63,0.0
2024-01-01,2024,1,20240101,A,2024,52,2024,X,Export,699,IND,India,0,W00,World,7108,"Gold (including gold plated with platinum) unwrought or in semi-manufactured forms, or in powder form",,347236208.792,347236208.792,5069.574,0.0,5069.574,0.0
2024-01-01,2024,1,20240101,A,2024,52,2024,X,Export,702,SGP,Singapore,0,W00,World,7108,"Gold (including gold plated with platinum) unwrought or in semi-manufactured forms, or in powder form",,17383273715.165,17383273715.165,238025.989,0.0,238025.989,0.0
2024-01-01,2024,1,20240101,A,2024,52,2024,X,Export,703,SVK,Slovakia,0,W00,World,7108,"Gold (including gold plated with platinum) unwrought or in semi-manufactured forms, or in powder form",,32392244.164,32392244.164,826.777,826777.0,,0.0
2024-01-01,2024,1,20240101,A,2024,52,2024,X,Export,705,SVN,Slovenia,0,W00,World,7108,"Gold (including gold plated with platinum) unwrought or in semi-manufactured forms, or in powder form",,35816286.375,35816286.375,457.055,457054.62,464.431,0.0
2024-01-01,2024,1,20240101,A,2024,52,2024,X,Export,710,ZAF,South Africa,0,W00,World,7108,"Gold (including gold plated with platinum) unwrought or in semi-manufactured forms, or in powder form",,8174074305.608,8174074305.608,126978.125,0.0,126978.125,0.0
2024-01-01,2024,1,20240101,A,2024,52,2024,X,Export,716,ZWE,Zimbabwe,0,W00,World,7108,"Gold (including gold plated with platinum) unwrought or in semi-manufactured forms, or in powder form",,2524753692.335,2524753692.335,33582.702,0.0,34145.462,0.0
2024-01-01,2024,1,20240101,A,2024,52,2024,X,Export,724,ESP,Spain,0,W00,World,7108,"Gold (including gold plated with platinum) unwrought or in semi-manufactured forms, or in powder form",,3190433828.233,3190433828.233,0.0,0.0,,0.0
2024-01-01,2024,1,20240101,A,2024,52,2024,X,Export,740,SUR,Suriname,0,W00,World,7108,"Gold (including gold plated with platinum) unwrought or in semi-manufactured forms, or in powder form",,1006039075.406,1006039075.406,10088.896,0.0,14311.32,15275.58
2024-01-01,2024,1,20240101,A,2024,52,2024,X,Export,752,SWE,Sweden,0,W00,World,7108,"Gold (including gold plated with platinum) unwrought or in semi-manufactured forms, or in powder form",,764704317.097,764704317.097,9420.805,0.0,10557.072,0.0
2024-01-01,2024,1,20240101,A,2024,52,2024,X,Export,757,CHE,Switzerland,0,W00,World,7108,"Gold (including gold plated with platinum) unwrought or in semi-manufactured forms, or in powder form",,116817692386.546,116817692386.546,1563791.414,0.0,1563791.414,0.0
2024-01-01,2024,1,20240101,A,2024,52,2024,X,Export,764,THA,Thailand,0,W00,World,7108,"Gold (including gold plated with platinum) unwrought or in semi-manufactured forms, or in powder form",,8758037368.17,8758037368.17,0.0,0.0,,0.0
2024-01-01,2024,1,20240101,A,2024,52,2024,X,Export,768,TGO,Togo,0,W00,World,7108,"Gold (including gold plated with platinum) unwrought or in semi-manufactured forms, or in powder form",,339.223,339.223,1.0,1.0,1.0,0.0
2024-01-01,2024,1,20240101,A,2024,52,2024,X,Export,792,TUR,Türkiye,0,W00,World,7108,"Gold (including gold plated with platinum) unwrought or in semi-manufactured forms, or in powder form",,3481781178.0,3481781178.0,45207.496,45207.496,,0.0
2024-01-01,2024,1,20240101,A,2024,52,2024,X,Export,800,UGA,Uganda,0,W00,World,7108,"Gold (including gold plated with platinum) unwrought or in semi-manufactured forms, or in powder form",,3377412844.06,3377412844.06,46313.867,46313867.19,,0.0
2024-01-01,2024,1,20240101,A,2024,52,2024,X,Export,804,UKR,Ukraine,0,W00,World,7108,"Gold (including gold plated with platinum) unwrought or in semi-manufactured forms, or in powder form",,1959197.42,1959197.42,33.581,33.581,33.581,0.0
2024-01-01,2024,1,20240101,A,2024,52,2024,X,Export,818,EGY,Egypt,0,W00,World,7108,"Gold (including gold plated with platinum) unwrought or in semi-manufactured forms, or in powder form",,3245127056.74,3245127056.74,48660.783,0.0,48660.783,0.0
2024-01-01,2024,1,20240101,A,2024,52,2024,X,Export,826,GBR,United Kingdom,0,W00,World,7108,"Gold (including gold plated with platinum) unwrought or in semi-manufactured forms, or in powder form",,65415144477.96,65415144477.96,867333.98,867333.98,867029.73,0.0
2024-01-01,2024,1,20240101,A,2024,52,2024,X,Export,834,TZA,United Rep. of Tanzania,0,W00,World,7108,"Gold (including gold plated with platinum) unwrought or in semi-manufactured forms, or in powder form",,3419643899.724,3419643899.724,0.0,57594.094,,0.0
2024-01-01,2024,1,20240101,A,2024,52,2024,X,Export,842,USA,USA,0,W00,World,7108,"Gold (including gold plated with platinum) unwrought or in semi-manufactured forms, or in powder form",,29678941764.0,29678941764.0,397850.788,0.0,397850.788,0.0
2024-01-01,2024,1,20240101,A,2024,52,2024,X,Export,854,BFA,Burkina Faso,0,W00,World,7108,"Gold (including gold plated with platinum) unwrought or in semi-manufactured forms, or in powder form",,4642549078.655,4642549078.655,64674.0,64674.0,64674.0,0.0
2024-01-01,2024,1,20240101,A,2024,52,2024,X,Export,858,URY,Uruguay,0,W00,World,7108,"Gold (including gold plated with platinum) unwrought or in semi-manufactured forms, or in powder form",,5029317.0,5029317.0,63.0,63.0,63.0,0.0
2024-01-01,2024,1,20240101,A,2024,52,2024,X,Export,860,UZB,Uzbekistan,0,W00,World,7108,"Gold (including gold plated with platinum) unwrought or in semi-manufactured forms, or in powder form",,7480600000.0,7480600000.0,100000.0,100000.0,100000.0,0.0
2024-01-01,2024,1,20240101,A,2024,52,2024,X,Export,894,ZMB,Zambia,0,W00,World,7108,"Gold (including gold plated with platinum) unwrought or in semi-manufactured forms, or in powder form",,111735173.261,111735173.261,1490.55,1490.55,1490.55,0.0
